Zone,Uniform_CPC,Uniform_R2,Weighted_CPC,Weighted_R2,RadPop_CPC,RadPop_R2,RadPOI_CPC,RadPOI_R2,Power_CPC,Power_R2,Exp_CPC,Exp_R2
OTSZ02,0.3956445261188017,0.13103048089798852,0.5545075090153849,0.4159166984918047,0.039754043995521175,-28.627245469185425,0.1187004387094242,-18.781797737926166,0.4084696080621317,-2.380226768418017,0.489591244083549,0.2573676658227534
BMSZ02,0.6105373776366059,0.43098846089811305,0.5971789791405208,0.1821081978291208,0.3752928401435734,-7.96536477186187,0.32906442382755674,-5.7175310979012695,0.5722152848281461,0.2898577971062809,0.4608340566951442,0.11494149230117734
OTSZ03,0.5582669389226284,0.3933349822883737,0.6390925095904941,0.40324966287512354,0.05491372889715167,-76.69765161968807,0.3835231233083214,-2.6803252851856327,0.4925743886641558,-1.7625313781587413,0.5320054806640122,0.10790748267747141
DTSZ04,0.20621410659868222,0.12119666659014638,0.21132017176613074,0.06525071308973607,3.7008126761452425e-06,-4.274601355883793,0.0069335585572743285,-9.76641770761031,0.09342826778269159,-0.7296934344013564,0.14115158128719735,-0.013460100860581026
DTSZ05,0.4016612428665329,0.09465859489853135,0.5119157098940171,0.22761758576959723,0.02117900162783951,-16.642791627680953,0.10124144418979387,-5.333277670259767,0.3680204434039658,-0.557318096824218,0.41562320255845664,0.08163587899612923
OTSZ04,0.38414152777064875,0.1448314456765949,0.4652288988050358,0.5497679030969864,0.052703654551616005,-5.092899961564436,0.24341376200934273,-3.046090968221664,0.46358146759487284,0.44288679577654577,0.41234531978966427,0.37459413730576896
BMSZ10,0.6367025509129257,0.4795945894231215,0.6971582373753845,0.42385491352744964,0.13520138989109695,-20.84398446389021,0.3213655664042796,-9.97128303732775,0.6772348449203955,0.35189051881102695,0.5742154757084112,0.05164805064974487
DTSZ12,0.4874484249091328,0.18430510168779224,0.6731688699382867,0.642753512358818,0.02866138901312782,-56.35569643597619,0.15907466205981896,-12.272322907069336,0.5522087437673234,0.1280877147368895,0.589615013125124,0.4985308860913732
BMSZ04,0.5967996004764448,0.4141445385150593,0.6225938826577094,0.1946346616397635,0.09967014258641523,-24.083343741607848,0.32155554373258266,-11.344614553807483,0.6152379074319556,0.25219407646279834,0.511167304431579,0.06696275233557791
DTSZ06,0.46945242123251457,0.23890497046865444,0.5707501255555327,0.4222110069367345,0.1318251662389481,-25.607649409246626,0.11228936726204587,-21.31338414063913,0.5165888954526451,-0.04727253495471517,0.5642622565184452,0.34084875808067805
MSSZ01,0.5751609761129252,0.692704671750703,0.6066627508630913,0.5508265664735968,0.34198292380353074,-2.6173551739353544,0.4302679981084803,-1.112619818180192,0.5791497906381923,0.5979904726241212,0.5330886928010088,0.520005670785705
OTSZ01,0.6372832909682367,0.4806075556000654,0.6471807826202226,0.28535097086479677,0.22392053119729963,-19.203073926570717,0.22759547116893084,-15.4792610601713,0.6013789961634917,-1.0150583835472302,0.5950372992627578,0.17164591852376643
SRSZ03,0.4734284210544986,0.2691279372634485,0.527034225077332,0.5474349345879899,0.11818884314154675,-9.05907317253886,0.25319634519618867,-3.058963477295908,0.497363584629445,0.4124359744850238,0.46526467443268643,0.39340653289221583
BMSZ08,0.6313067015010274,0.5293696578257201,0.711137964069533,0.65083614329849,0.31846538871371327,-8.925646668640091,0.3633379975951485,-16.245055916266,0.6924171849666857,0.6212364552578538,0.5713893513859643,0.25420149029822414
BMSZ03,0.5210241807254734,0.28570074533909995,0.5942009195314575,0.3784054104387493,0.054236056131681316,-46.28901237974543,0.3343373504827702,-5.028681687018599,0.5571420110478389,0.28168119387983803,0.479258549682161,0.0648138599914323
BMSZ07,0.7117121509670206,0.794652612378582,0.7093460496523575,0.7049680428746714,0.3545101130376901,-9.473626622890105,0.37370327678819076,-6.684532331955971,0.6963512907806301,0.7056734169280559,0.6066590159282339,0.540540055917396
BMSZ09,0.6806681183982427,0.5646844943141539,0.6978550814606568,0.39744199715882456,0.32718678791474104,-10.403975850875465,0.2817281787185407,-21.876073346360215,0.6966727109568301,0.45649708526687105,0.6187954463992311,0.2609240600574625
SRSZ02,0.5183565996294184,0.22462826849852413,0.6501703776268969,0.5636734461046298,0.08675312298866311,-19.68924039343201,0.1637311027015787,-21.801125403815327,0.5145857872464846,-0.3895685053618174,0.5599481484121155,0.3730656127272549
BMSZ15,0.651934555910138,0.5182881692663477,0.7250689330841938,0.7799582835019192,0.15665919467872957,-11.275058838094335,0.3371548292748359,-6.090409815357691,0.6801507231326018,0.6990461801180603,0.5631335851385797,0.3883855892042467
DTSZ09,0.4358619261979129,0.17793575865786748,0.5572627546458419,0.32312036713237446,0.05509449855298797,-14.44280863910067,0.15541916473624015,-5.65078063549069,0.3592660845085975,-2.1008240141509895,0.4320709384294625,0.05272948099363306
BMSZ16,0.6010657595279697,0.37444652586272353,0.6077458792327931,0.24004423434914213,0.06478833081229242,-47.74291981555025,0.18708182332615636,-13.233700477884963,0.5867266269126085,-0.5805065973174164,0.5571885698453096,0.13669885805426618
BMSZ14,0.6073971111948174,0.49607358705683957,0.651083638881576,0.45447517389857905,0.07498629550042377,-32.75944761755809,0.36457153598964337,-10.051253892039817,0.6317999605655344,0.4392790996544852,0.5154350360109441,0.15114865656119258
DTSZ07,0.24699926334627004,0.18377682256077776,0.44849496534599226,0.5286731226020045,0.0909924908296401,-1.0583396244949101,0.41604279372092584,-0.4617949850757719,0.5006105260380331,0.5066653186148757,0.3110030380341886,0.2745074889059358
DTSZ08,0.5686441842421023,0.28701585917227934,0.6690651100226831,0.603054504785888,0.019945409329345017,-64.87245320796039,0.20520025725174204,-13.98669924080843,0.5239822583181734,-1.8428995367799286,0.6254261753723092,0.4562872124433097
BMSZ11,0.617960634726436,0.34195698948100095,0.6296190205699682,0.03957676864717952,0.15008815390170116,-12.080992816164379,0.2169355502195354,-14.725217656028754,0.6180496114624492,0.19306484497987808,0.5154945902827032,0.014435986857762595
BMSZ13,0.6901224681070875,0.6545458926240311,0.7502104433280113,0.8767065927699725,0.4720707831329223,-2.487411241459198,0.44938437156583677,-3.4751945491193794,0.7289152266967929,0.8642898823709811,0.6213138852027325,0.6769613154669777
QTSZ14,0.6921745025335712,0.6376192887422343,0.6745177046262757,0.39179284079845833,0.2896185371371113,-19.44015339551828,0.34180435977597345,-15.770275231051567,0.6369049456083906,0.0029443672901412477,0.5999472055975359,0.26491222507418777
QTSZ13,0.5983644412504958,0.6038241760838526,0.6448274083822625,0.598816817180088,0.2547723839995735,-14.544436725751817,0.2620430315253874,-19.10330923132795,0.5633355994726331,-0.9560017859317733,0.5682414477140488,0.12101192741235645
QTSZ07,0.6424189856377234,0.48477872401517674,0.6305631573134953,0.17832302436114422,0.2993452655897428,-18.78448760770151,0.17961789108104503,-27.806257821505863,0.5850891451233017,-0.5007359329508028,0.5404851463288008,-0.15605058827139162
QTSZ12,0.6149227614132616,0.5253810902706989,0.6497381536450346,0.6884949574022277,0.11268312241592693,-39.19651994025783,0.37538381583952685,-4.369052911422922,0.6271434920372513,0.5564551287100106,0.5893590386676464,0.6011087454140338
BMSZ06,0.599553461927044,0.47740015475098585,0.6183621360705853,0.3392158341567588,0.16906113357799166,-10.751211229481124,0.23062061779193466,-17.911448271947727,0.6085131171779619,0.41793110472509565,0.5186092659949714,0.23280960230740155
MESZ01,0.0,0.0,0.0,0.0,0.0,0.0,0.0,0.0,0.0,0.0,0.0,0.0
RVSZ05,0.5073489004813623,0.31023886562112213,0.5119750494460662,0.26791312899187003,0.16383179607798104,-11.742595468567789,0.2472003312446418,-9.982826939892163,0.5394978542467044,0.4229213699718515,0.4915415328872042,0.24418054962381586
SRSZ01,0.6543422577254657,0.47929310081215937,0.6889478582979033,0.34945951983846535,0.07337923612108396,-36.37688445986122,0.3073609226150831,-10.00643603208682,0.6602035259614655,0.17272799913639492,0.6204785235920167,0.24894595125682817
WISZ01,0.0,0.0,0.0,0.0,0.0,0.0,0.0,0.0,0.0,0.0,0.0,0.0
WISZ03,0.0,0.0,0.0,0.0,0.0,0.0,0.0,0.0,0.0,0.0,0.0,0.0
WISZ02,0.0,0.0,0.0,0.0,0.0,0.0,0.0,0.0,0.0,0.0,0.0,0.0
SISZ02,0.0,0.0,0.0,0.0,0.0,0.0,0.0,0.0,0.0,0.0,0.0,0.0
SISZ01,0.15308903834991078,0.15744290585384846,0.11975612819586265,-0.20156610187273727,0.005959922336430326,-8.36094368898369,0.10894147187349325,-1.5668902570698058,0.08099668424374064,-0.045999114332791136,0.08720452720854084,-0.09877888499636289
BMSZ17,0.4773103745894508,0.24005460909979348,0.5302441770685242,0.5138879871340227,0.20770143105971917,-7.2848483346871955,0.17549016187328353,-6.4173749797098685,0.5139570763950168,0.32650720817313383,0.4764539789651865,0.3655496655003124
DTSZ10,0.5397324741372971,0.32307860907993924,0.6079356625240707,0.34997320608088267,0.04297528237122847,-21.265075551455933,0.1103475066250211,-25.77485783583334,0.5195808941888157,-1.5527726686051175,0.558827608926738,0.2406631742149884
SVSZ01,0.5634794327811085,0.5730345748664307,0.637580754974236,0.617393308813001,0.1337684125779886,-36.23413981554706,0.17329946955236414,-38.15664259332686,0.5554534709134373,0.22633436089076187,0.48266957281635464,0.024422739067015753
BMSZ01,0.626519954596358,0.6867748838692234,0.7050030388649283,0.7119021245777293,0.2849252299369817,-11.160822681378495,0.3969082828523347,-2.9456143815036677,0.6414820627738139,0.5051377163012136,0.5709067388601021,0.3590202504239234
DTSZ11,0.5361186090700104,0.2124523419401172,0.6858148261444917,0.701057604206087,0.06463927468622721,-37.01422634201911,0.24953594982024202,-9.855906574852725,0.5950371601974328,0.3868790503648337,0.5923835534655801,0.617159565802898
BMSZ05,0.5223576197440936,0.23125595391924025,0.6676355368077271,0.5465484202365345,0.22120075400658343,-14.321804932600674,0.19689501376485352,-28.80940839419161,0.5283933274830684,-0.6847978545996944,0.5116929821658153,0.0573456626474661
BMSZ12,0.6515368577431725,0.5728813549650816,0.6664316608317171,0.4649518560378805,0.050985687915841495,-63.50973738601817,0.17408063884651484,-41.10173345057893,0.6255045365101268,0.06041970167673283,0.5879428475251051,0.3124666131441942
MPSZ04,0.0,0.0,0.0,0.0,0.0,0.0,0.0,0.0,0.0,0.0,0.0,0.0
QTSZ11,0.5820725117818458,0.37004007889107915,0.6320263338905938,0.4584463067039318,0.23215968625815683,-17.977993501607912,0.4207571615924754,-2.700661413236964,0.565513311700788,-0.13877443430882153,0.5476035627291214,0.27684123904807456
RVSZ01,0.5776768727932325,0.39316813859286026,0.6258663696049355,0.41774848038330215,0.12296393734676771,-37.5887144723222,0.1660461178627525,-22.135983066217076,0.5806033905263014,-0.2909866658668654,0.5642546879413354,0.2394078773923939
RCSZ04,0.38955286428962427,0.12099915274090689,0.5417822126184183,0.45469784524903,0.03514997958322276,-10.283067313108127,0.05028034062443488,-17.79405364843951,0.4009913497972315,-0.8991661614220883,0.5004189823516896,0.3859669689550127
KLSZ09,0.5901367017518485,0.29378802198187115,0.7339906972518218,0.7062758390672865,0.20400061269679395,-12.469559632168593,0.22950178860560333,-28.8665173851137,0.6211732400775384,-0.8897127506930704,0.6933459457117928,0.613654671420977
QTSZ05,0.6828486838044566,0.709513354404642,0.6591717872471012,0.4715247020404565,0.34661626660587097,-9.759363911297402,0.3368821797417295,-9.300208938403026,0.6361413160279553,0.4828643534828294,0.6104413007189635,0.5076832049610767
ORSZ01,0.47053435228281676,0.32077106020165125,0.6518154419470898,0.7728701307557573,0.026535164227014445,-27.18325717586847,0.23488111999804026,-7.378153117374161,0.6299435710345194,0.8143910666388317,0.5060792053576456,0.4254291791899345
MPSZ03,0.7241298537315464,0.8883236952839201,0.8164645532143657,0.9440373220149337,0.526104152183999,-1.1116825096813532,0.5421936436239211,-0.2947110098208203,0.7019991209163721,0.5233691843705032,0.7825139799941022,0.9157914506318977
QTSZ04,0.6621257953952604,0.6551425524236324,0.6515148183532279,0.5411678690600871,0.3678634590365539,-4.839169696528801,0.26259996742668495,-9.683723934105883,0.6249649551759621,0.45258428008436224,0.5551462251499835,0.36050831971338937
RCSZ06,0.2766032444159689,0.06486981449914708,0.2614729783310462,0.02002869571235477,0.00030619254127662926,-22.514065561865312,0.019196017347624834,-7.282412999638783,0.17601297265896929,-0.31316473160738223,0.19685177852827027,-0.07342897876957433
RCSZ03,0.46289374540574174,0.11574227422532568,0.5477520019738128,0.31060760920637065,0.016198310644431647,-24.94751117630646,0.06932002024750376,-23.842758218439766,0.40010410963063575,-2.458681748360617,0.49628968471682966,0.0050392156939531585
QTSZ08,0.6485948019040292,0.7952387278996733,0.7036944945770144,0.805842474800951,0.2921311337018145,-10.66629898944747,0.3350164898987084,-2.9665125460045414,0.6257883831394654,0.4383400246840261,0.593852196432769,0.5636638805344473
KLSZ05,0.6040825230045518,0.6229359923755324,0.7347279684113125,0.8341728981379768,0.3132180868254437,-7.175988776440761,0.37698125547538,-2.0318310985059767,0.7275499281385083,0.8142181503996786,0.6828541793883969,0.7822299261630157
MPSZ01,0.6407591174251999,0.6380002173969448,0.7306088497041655,0.8226081137119234,0.3999938513258075,-5.769686643669008,0.3227462148000054,-6.948388421611038,0.7353100362712044,0.8276849193453953,0.6782156017642775,0.7469056072703502
QTSZ03,0.5690019724060861,0.4779415863396935,0.5955815005047363,0.32278005990639314,0.08596200840640322,-28.946378510284802,0.20924403916825857,-8.062566724242108,0.5632766269729086,0.2849728430438734,0.5321385995850083,0.279456722906275
QTSZ10,0.6343337691620656,0.38447943822398223,0.6690075071998641,0.44536245845807143,0.26040087630128284,-5.627853601164139,0.30596838065570897,-7.843413662463666,0.6135941321121537,-0.9724467003830379,0.6335920255282057,0.18500508563504492
ORSZ02,0.5309832328865064,0.18482582711695184,0.676583219939682,0.59527572093391,0.03793314724540944,-29.52282673668018,0.35010499321661276,-2.507822172505286,0.5975730345678387,0.40584570763879857,0.5560016634856929,0.27103590536056354
NTSZ06,0.26227695303789855,0.08213839995126682,0.2760032197895845,0.007627143852942386,0.038938306511316925,-12.227123102623134,0.07167994143474153,-6.413481219363182,0.19540624648922178,-0.3304736384246445,0.2106222502754506,-0.21768365972856585
RCSZ02,0.45298973995602193,0.2825790343921112,0.5938128103711611,0.5991449183448431,0.09398091146072812,-12.68414812861584,0.27986405862672464,-3.588635063856799,0.5133922516622911,0.11126900001279683,0.56007505488539,0.49439521924548635
PNSZ04,0.6437450910674364,0.7458679038279604,0.7515734875547226,0.9145085890280601,0.4047371911129435,-3.8345760833067857,0.24813446203244557,-15.418579844732946,0.5200786025981592,0.5189150103854829,0.6274364352736048,0.6138814308066641
TNSZ03,0.6508283369848296,0.5489509951844989,0.6994713352275194,0.6004977820834441,0.2703624432391503,-14.206164135309987,0.30985562560506397,-10.297826989396672,0.6763528597055295,0.45288686181218474,0.6374566920423254,0.4843967401799547
NTSZ04,0.0,0.0,0.0,0.0,0.0,0.0,0.0,0.0,0.0,0.0,0.0,0.0
CLSZ08,0.613569924368085,0.4468350606163022,0.5827193981944956,0.09305460930637466,0.5621034356702763,-0.6644717144536465,0.320946063257375,-4.272968200592943,0.5574254972715145,0.16498010003823282,0.5505526720972814,0.20869375801730528
TSSZ06,0.7344923390943636,0.9557394340615272,0.780525598428765,0.9658657427077817,0.4750063787470915,-0.2973013350339595,0.5921797301361569,0.5591951087621458,0.5897020149761566,0.8519835039205494,0.7294033533164256,0.9364910444103093
NTSZ05,0.378900839331431,0.17448920518599464,0.5073532751001004,0.4131431500468804,0.0001726741513753848,-24.16341297848858,0.07706284470086572,-27.164106083760124,0.49322937227678204,0.34136286884019407,0.46458257012754073,0.2812508800905311
BDSZ07,0.5698371855263273,0.29705467419888953,0.6643532229449777,0.4332465384376848,0.18878318911770556,-11.622114449434436,0.2377209902673866,-8.796550805735704,0.6444014591139758,0.3313476870209213,0.6104963963166967,0.4294982201043889
CLSZ07,0.5986920328328271,0.29637152188694615,0.6040153990129454,0.0662548500682979,0.3692856277246431,-4.768901289596876,0.43768929058143224,-1.007007521931365,0.5630394020598947,-0.042919409690238775,0.5647468542833672,0.07205606312341828
MUSZ02,0.5884040675640091,0.4494024182813814,0.7091215967020231,0.6592321082778659,0.10011603912310917,-25.595725084352228,0.3026026627323443,-11.088882770672031,0.6925616973736848,0.6103651568591439,0.6661172230466893,0.5639129321037175
MPSZ05,0.0,0.0,0.0,0.0,0.0,0.0,0.0,0.0,0.0,0.0,0.0,0.0
DTSZ03,0.5999869977507012,0.3290603100216274,0.7161145938741575,0.4920411772742107,0.05776728840909346,-91.59928615908636,0.2903851568493806,-24.851270219404768,0.5953127998769809,-1.1180744517813754,0.6316696935090864,0.149112626014007
ORSZ03,0.5570560484766667,0.2504989230757326,0.7007293870132675,0.5660895782950071,0.028022962656647665,-79.05538038980686,0.2915151519519001,-5.922530233856113,0.6229240926520033,0.26210519398382814,0.614401986173143,0.3362735773279898
RCSZ09,0.49798111958599195,0.1462708256264571,0.6104600899217295,0.29948869804991385,0.11449093672131608,-20.005208334576874,0.20923074439406308,-10.86769570205021,0.4760714241892958,-0.7142776661577994,0.5261672045910943,0.19304000954558376
TNSZ02,0.6572744283011607,0.5247725954417584,0.7392366621753107,0.786123645119859,0.2556969579192572,-11.277038809820711,0.433150438764077,-1.4680077276469583,0.7296679018206039,0.7442002166398294,0.6420323209073588,0.5215913698540173
PNSZ05,0.6614445346964282,0.7691197947390609,0.7417430747920936,0.8861901706874495,0.364654182492223,-4.635885743000909,0.34580882545739466,-4.239680400087951,0.5964165113489877,0.6762801589042096,0.6597593986148432,0.7500654892215574
JESZ10,0.6263817000316472,0.6238321569954317,0.6009515841662418,0.7146761276853171,0.17692661824668907,-21.06678533232165,0.20630680537555388,-19.05199242547654,0.54933300179184,0.48837327697445077,0.5201189077194227,0.3355153924096439
NTSZ01,0.31012671655309726,0.10406524340876844,0.401186302701584,0.16819465964281421,0.1570488328747079,-6.84798418731412,0.04877636984502448,-20.161359094991422,0.3428685332826618,-0.5667662141094192,0.3451964606428841,0.10308881046365093
KLSZ04,0.6307048531090569,0.5248717165553753,0.7560284397503353,0.801926924035493,0.06641328664989342,-38.62056487778501,0.22763274590313332,-11.789965387147056,0.7253497289896327,0.7573488554658075,0.7096536701977523,0.7102588098684579
RCSZ05,0.5631311891005985,0.2909815631138898,0.6578178705795976,0.45975380637949637,0.07108624704069644,-21.49921450874397,0.33745316135964804,-3.658204530245725,0.5976093961177837,0.2985747531299421,0.6035273808421521,0.4286247242177589
RCSZ08,0.3330528562075637,0.08964420648549609,0.40390245908543443,0.20962068213829943,0.020482237931375376,-9.607670597264542,0.0850039028820587,-8.92203938525642,0.2811844639315787,-0.7022969952114149,0.38124012339188745,0.20377937321647632
RCSZ07,0.0,0.0,0.0,0.0,0.0,0.0,0.0,0.0,0.0,0.0,0.0,0.0
PNSZ01,0.6405250046980178,0.5903396493651781,0.7144322417238932,0.8457989288840195,0.2239396156937944,-7.814265590395417,0.31661548336543666,-4.0976897077593275,0.6357413496153629,0.7081988126668515,0.6463995742368236,0.6786241276081567
GLSZ01,0.6247766434373866,0.5064004703912803,0.7619378238975533,0.8125084145383353,0.24678038291865179,-19.479094171079954,0.20369146117749223,-21.335411202599698,0.7162701744047396,0.7268379381722483,0.6812407335111894,0.6930103214461807
JESZ06,0.6062322717729389,0.5692165485155076,0.6384919394934349,0.5243759506968986,0.12579777329861522,-36.312779477812285,0.1764316331810269,-32.657290158401814,0.6456544706020411,0.5982930303083721,0.5959776501323123,0.37366644248193337
BLSZ01,0.6929177913713435,0.7887126156090776,0.7153458130972643,0.8301168743696188,0.40373022296534217,-5.593571152251861,0.3211548309859361,-6.35123403899704,0.6729501117252379,0.8144366426309183,0.6200179610248279,0.6998105617457411
BTSZ06,0.5921903207419907,0.5773163614870418,0.664421600514313,0.5868069508040409,0.24929039411171586,-19.301882493727724,0.2711541020132139,-6.759104366833987,0.6456208844384518,0.5346908545016245,0.6090794621769816,0.5112069887451425
BDSZ03,0.5969382632001021,0.48097928132363876,0.7195590466369113,0.6896890158887796,0.35613121517136825,-4.279071610037528,0.4274441744079645,-3.0355635041961095,0.7005248692896895,0.5911073739155344,0.6778515830271793,0.6493262227273489
MPSZ02,0.6076194138455056,0.5362876786257913,0.7365952336815721,0.7435246830181925,0.16735205386439725,-14.731900782930506,0.4369390926499096,-3.843242617348899,0.7095230600449955,0.5330124574149762,0.7193532810896652,0.711113357593714
QTSZ02,0.6559597771014488,0.5802826572672124,0.6910076240708639,0.4798900894918616,0.13306735209068846,-19.439664102537428,0.36148847208647833,-4.46116275632582,0.6674404837558302,0.48414088056731874,0.6330393715959796,0.32263904075104455
RCSZ01,0.5077945992181278,0.18620687200613695,0.6389545407864494,0.32848200449693155,0.25899856406542787,-8.917241052382213,0.21080168815565478,-20.50863019786788,0.4805897741222983,-1.920195609370876,0.544758601752019,0.1657810574723857
NTSZ03,0.49944536662978517,0.22467928551796723,0.7017112482981153,0.7803233932887752,0.16454142574067449,-14.67008450781459,0.21889774054669645,-7.023804261122043,0.6533423948078434,0.692505365950842,0.5715340411258576,0.4417911569509698
JESZ09,0.599127316263713,0.5416752104603795,0.65360995675732,0.7174768980998439,0.2126660908345604,-7.059875147953274,0.2758529408156625,-8.217970732306775,0.5216766634511499,0.5101919096246764,0.5370055751745674,0.5389298537724991
BLSZ03,0.6192818656183032,0.7747124723484208,0.6930513691043667,0.8915857850370801,0.33018739990491713,-1.5632521279335125,0.35731274767379767,-4.205154488368017,0.5569196563493568,0.7553469620633972,0.6007892747007767,0.7977889023663166
BLSZ04,0.6039083270502484,0.4154396302519082,0.7406333025491466,0.9321923872024656,0.20279766248408468,-5.761467488286376,0.2278991177291444,-8.583063225416803,0.5567653780822742,0.45527768802718493,0.6041504711372465,0.6758538493827109
QTSZ01,0.630031382395686,0.6214516555260703,0.6730385398385954,0.5222297441617124,0.34358207383266065,-2.198780232060734,0.27886260950013886,-11.654153239726813,0.6074691741307731,0.3032597095117575,0.5670393945886287,0.17777938743671018
KLSZ06,0.575086802113267,0.3831166655518359,0.7129663266293175,0.722928505218667,0.06395870574038481,-28.222126632210585,0.35602142641398826,-6.185517031568593,0.6255403423200061,-0.0010517773725200463,0.6535039204128691,0.5738169735143305
NTSZ02,0.5068676066692543,0.24537037360344216,0.6437178756751699,0.6614127371339906,0.03670721217993005,-44.30384001098623,0.1915803894448367,-20.062193097610844,0.6255004013629049,0.6068338737252268,0.569506267766854,0.43596415525475574
CLSZ09,0.5935623776626233,0.4515015354984716,0.5869755794080247,0.468872368650991,0.3637643072397624,-4.8850369674606995,0.25835056155222447,-14.248919741948049,0.5579258504539659,0.4576836288791639,0.5005780001029749,0.13854919491492101
QTSZ09,0.531727127531221,0.215687175534518,0.5638342231606959,0.01857524892728324,0.11816025102797288,-20.65738926684108,0.17395847629203248,-14.484364487428985,0.4826599120842464,-0.7346261865437511,0.4673762397182324,-0.3775409466191453
CLSZ06,0.6831544798964718,0.7696549444977808,0.6766186875656566,0.7256056434157816,0.43925596691472846,-8.427255165260407,0.45625777544457424,-5.475399038235741,0.6653174242467265,0.6742754847550243,0.611729677395205,0.48135823387109566
KLSZ07,0.5930522059925459,0.44582465819571293,0.7127435930145104,0.6502962112253154,0.2385001888923222,-28.926584845465708,0.25574266419125685,-21.48420639129728,0.646036091394861,-0.017153878306652492,0.6207401245582339,0.366510346074962
KLSZ03,0.5460437649788911,0.31962519686962987,0.6753918217088485,0.634912584404651,0.3191885457620119,-6.9243201860272166,0.2713778044482173,-13.41865725179336,0.6763939558211994,0.70080031053921,0.6234564693164538,0.5916187391937417
KLSZ08,0.5888777177196743,0.4212991686848543,0.6890037250931307,0.5732266596074349,0.20967417234769004,-20.868455812945978,0.24425151931718125,-14.684491150714765,0.6359779956801737,0.07267282480197446,0.6491378701305232,0.5396673877958331
BTSZ04,0.643148261885162,0.5983089112435374,0.6675265408086903,0.40383576666137,0.3121111313524582,-5.291767378945003,0.352395611442997,-6.188758976143254,0.655432923795571,0.4216052864748292,0.6385068798963562,0.42339599279092677
BTSZ08,0.5918559040130379,0.5144302393748015,0.6649729499681388,0.4447305978509377,0.07576701747032152,-51.797252684962096,0.1758183700196678,-38.77873260503988,0.6363571729347268,0.11266141903803095,0.5967842510033287,0.4012018321370937
TSSZ05,0.7210877012134455,0.8768559125432203,0.7820894967411101,0.9389673244984587,0.41083621536994536,-2.3676526710634165,0.49289629619477937,-0.40840731637937133,0.6006934253275084,0.7271925607725054,0.7041461079691452,0.8593379245113452
TNSZ01,0.5899341435647127,0.27532420821256165,0.7227666071640088,0.6775795286211654,0.22000736733216603,-11.304897730147415,0.3418866585246815,-6.472998601003377,0.6986772191847784,0.6647021410406411,0.6465293181249029,0.5266416780612105
CLSZ05,0.5551155212252014,0.45905095930937356,0.5808412342167297,0.5260858693984692,0.23195781001547752,-9.21739120626994,0.27915443768271003,-6.9692666957618945,0.5617668701743392,0.4051163842269093,0.5382631887112019,0.28534095182536545
BDSZ08,0.6411183203196535,0.6028022748245361,0.7309855828655819,0.740880010484011,0.25911250827436694,-14.065244486531384,0.34149766614942845,-7.577417508370003,0.6995630173119003,0.6018643885850303,0.6936125876053947,0.6939739267910949
PNSZ03,0.6216766176401175,0.4945821927780636,0.660637632480895,0.7123854240281167,0.1737306189669462,-20.074727740891017,0.25851154940498167,-14.162721478321167,0.5886041001093374,0.6348071770477076,0.6089802338313586,0.5876537987878314
PNSZ02,0.6091131777451899,0.5371881507486689,0.721045593072373,0.8183041463412216,0.21581925719718423,-9.50087364792422,0.2983961605803092,-8.256274355413733,0.5992147416763633,0.6007973485140433,0.6526484276932745,0.6760042155211139
GLSZ04,0.6719996964754238,0.7860241448305929,0.800334208971612,0.9375460571444121,0.5091211544934628,-0.5041219466975315,0.561262069339432,0.1736254532712389,0.7845397485014541,0.9248146688031114,0.7298777727806339,0.8646534191814415
TNSZ04,0.6359852931790145,0.550697882212229,0.7511155099132559,0.8018267577040036,0.31546949772924415,-12.168616805204516,0.4352441449292446,-4.331766950564206,0.7245895763457837,0.7035340944157092,0.6864059650636972,0.6505188643756707
NVSZ02,0.5501919186963105,0.31440388361903837,0.6760927966020693,0.5503848360507176,0.2760853411274928,-7.870732535235074,0.30254947832555235,-5.768161253224381,0.622983000522305,0.325565390080925,0.591282250832701,0.4209690148596489
BLSZ02,0.6583721216740078,0.6099159108313321,0.7345541439943443,0.8711449068199109,0.10130028709414865,-23.977594061441614,0.3165114356674543,-6.415788031620667,0.6139350541792052,0.6487211709943229,0.6150505295870262,0.6920229897967205
BDSZ05,0.6995866882226757,0.8125706209623655,0.845006466043057,0.9431215544320601,0.5673663116512409,-0.10507102592798123,0.530510732140651,-0.44739155430190314,0.7907780041991093,0.8865296766518413,0.7965586793434125,0.9171672195484982
CLSZ04,0.6537354969549735,0.6593785193614592,0.7419629860472308,0.8111672838020628,0.5418915877301735,-0.7050506843601991,0.4710236795703053,-2.3122518880311813,0.7067842921406142,0.7452515945387321,0.6478197280438677,0.4414098295994624
MUSZ03,0.5438089469102461,0.24937718959397637,0.6725597760093921,0.552056150708805,0.01256610982298326,-67.58412132720898,0.23774526216555528,-20.83951506506305,0.5747730824169803,-0.04607946010123887,0.6214502724761245,0.41796091940490887
RVSZ04,0.47842982818172464,0.28283696657823043,0.6419082173103421,0.6384037924958053,0.08665514476718507,-8.192402351582961,0.1606108182703753,-38.02056879836419,0.5775152155174208,0.16174942027856687,0.5982967789832583,0.5623066622210964
DTSZ02,0.5482701582996868,0.2526187094455332,0.6674725886077154,0.3487341085874577,0.0958615083879791,-21.100006574606418,0.25946287121562867,-11.421871650471484,0.5232073229741603,-0.8060579092103382,0.5854853961634177,0.05395093764771297
QTSZ06,0.6080250880512154,0.5810428418604199,0.6479028426954635,0.5054418392177938,0.3081050366800886,-8.553087750420001,0.3190586888787843,-9.007107601330677,0.6194968994939019,0.402938925058248,0.555491830135779,0.34426169319674693
RVSZ03,0.5803742437435748,0.3993892773766249,0.6637774944226696,0.504848001873013,0.10899490097874887,-16.829490480169934,0.16638037021469654,-13.824939705176115,0.6442209505079162,0.05992548851336732,0.6279252514517669,0.48307566327490525
QTSZ15,0.6401010116736306,0.8939142062880623,0.6447394946658523,0.8900041127906515,0.36328258395441243,-0.9339744545646751,0.35809629559438233,-2.239985336322684,0.5997380484126072,0.7353474352502816,0.5492159085593308,0.6984667322211273
MUSZ01,0.5033490454764565,0.17296343483351706,0.6408468875122781,0.47407395533980967,0.013065899513641118,-79.05726649376447,0.2058671936192984,-13.589249106808612,0.5460928831407559,-0.020558070433398745,0.5644399512373487,0.23899094130094123
DTSZ01,0.6010757559162637,0.3407395305315374,0.7236371789271767,0.6704748751229337,0.14990780306206997,-14.762937246242632,0.276857085808055,-12.291669092946506,0.5512131353766953,-1.2961116606668832,0.7011898166059913,0.6242354193611801
RCSZ10,0.5079129502396361,0.19776810023741853,0.6562912448020205,0.5124615350828376,0.03651044839006046,-28.68958631513948,0.18781506540341403,-17.53107813269179,0.4140106330105884,-3.9131173741847594,0.5426962917088153,0.011236693549217858
RVSZ02,0.4103328615346419,0.18506489501336998,0.4145391469678293,0.27722235514381177,0.10255536723132731,-6.532664815214918,0.104770015143491,-9.003193524588156,0.3493167453417425,-0.4306353312358464,0.3452501558617242,0.09288065072423624
TSSZ04,0.618785078942765,0.6247551682770168,0.7063531390052893,0.8206394336988531,0.3126895577902966,-4.858021979744297,0.29971431665565773,-11.323758884209706,0.5826654228636198,0.5732080237510042,0.623181069131028,0.6000729963699323
BTSZ07,0.6419670246733259,0.5284147342800618,0.7122164186073665,0.6021379912599867,0.3144910103614842,-6.7066120894138885,0.3689451442299318,-4.315464544986378,0.7114893614408598,0.6002159886168883,0.6658210887667271,0.5412586765364111
GLSZ05,0.6602638722733443,0.7593535585472935,0.7793317280070376,0.9149821272930667,0.5211309112904704,-1.2431165436426501,0.522829392014759,-1.3123871032101242,0.7591607803517808,0.8711704596934479,0.734110228467221,0.8922410749761311
JESZ08,0.6870058754213901,0.6829762799909272,0.685136644814567,0.7415269047300126,0.4124080255334389,-1.4179585836631623,0.5296785092228665,-0.826948606924921,0.6219404088285984,0.5895227104035359,0.622395710025172,0.4990313886427823
JESZ07,0.6651403355304519,0.7055187556808145,0.6384830196698672,0.7009896776553444,0.15046067561348608,-24.969473379264855,0.1853828400594269,-22.80934170830098,0.5956903622483278,0.6392526717431067,0.5443361791347442,0.5405476308138873
KLSZ02,0.6249801924481051,0.5480515825828451,0.7246544664273149,0.7417431352294495,0.28730897847717046,-11.277967672013832,0.2602486330131946,-15.673788249529046,0.6939502379549884,0.6029751827453329,0.625770739346835,0.42246363293425515
CLSZ03,0.6061523394803138,0.44938858527583647,0.639889957020262,0.49695653740832346,0.06718002483380728,-26.75630023798837,0.29336089974207313,-8.086893437570716,0.6119120470605892,0.45722302869566944,0.5753078350864713,0.355450865620356
NVSZ03,0.6333685414511613,0.5157563472137408,0.7246201313139451,0.6566107197354067,0.2219591040195704,-40.69371935441655,0.2655360611482734,-16.255160458976018,0.727384617942002,0.7668025985633992,0.675627198453411,0.6447921179187148
BDSZ06,0.7413110589740608,0.8882961867847793,0.8355594278183311,0.956833720143849,0.4839586748141901,-1.3175708304961322,0.46785539898642553,-2.355648540067771,0.7752081269779384,0.8462410973604417,0.7979769661895764,0.9298535089243084
TMSZ02,0.7470979780386923,0.9390057055701047,0.8159524568363198,0.9646733136924208,0.7196862264885523,0.793427839532107,0.7047145190954267,0.7322041331800706,0.8030659126925536,0.9701834428800556,0.7762888610315848,0.9581276431437675
BDSZ01,0.660717792672359,0.6848038845851097,0.760529699299441,0.8640818643631504,0.451638405325912,-3.234083237489929,0.39250512322906517,-7.79105810974154,0.7333056338678929,0.8012139740982733,0.7042451334808363,0.8140788338258156
JESZ02,0.6791000427083926,0.6568245587138111,0.737192125680879,0.7204301555209536,0.4946993678471309,-3.2926048645840336,0.42445390125224935,-3.1181987320630213,0.6834599344982815,0.6755493314220614,0.62006313312797,0.4891114426364489
BKSZ09,0.6887678677532504,0.6120050344558392,0.6827338262002315,0.36822401124805615,0.3657765328110558,-6.136304641958719,0.3170343033410997,-8.990853575746485,0.662452676704553,0.45091164575116693,0.6143395393896922,0.33341443935954207
JWSZ09,0.7325880576418807,0.9346267167883104,0.7957329625027113,0.9665990402449245,0.588548732633013,-0.13839898680253282,0.6475456210024699,-0.0799167399263574,0.7487404788592357,0.92334438027069,0.7447602024093686,0.9411017250220962
BDSZ02,0.6414015748941219,0.6793295850541177,0.771397592724305,0.8918623593541308,0.46219093756801605,-4.053412495580586,0.473295816223499,-3.501815259538896,0.7025848641931052,0.7856563844964801,0.6535699522105105,0.7304399554071367
BTSZ01,0.6644204703443356,0.8267468943047471,0.712704412504477,0.8254451821955531,0.382804631371254,-3.3647001978178848,0.45228956901829487,-1.4412947943233982,0.7030439094213528,0.8114005275588887,0.6563936285156504,0.7544741580738861
BTSZ02,0.68503880619398,0.7636634565605966,0.7243577581945655,0.7145690298501197,0.27649595055566045,-22.172441195030185,0.4140987497692271,-8.71520718555929,0.7212835841250902,0.6615803983013835,0.6875091163766778,0.5955987536874787
TMSZ05,0.6695423736385994,0.7020295998094946,0.7871828931944557,0.8190198553892696,0.2983807443675249,-11.556320618971029,0.4937878191027437,-2.5243913426909868,0.747056759424901,0.7792745944459991,0.7077876175802033,0.7328578385744613
TMSZ04,0.745035725139194,0.9284200625310379,0.8400149464605192,0.9711746697122272,0.5022785795225565,-3.3745074528918373,0.5183439233833539,-2.8792780611030326,0.7900258913718006,0.9141876475471987,0.7319093081435388,0.8347801508743607
JWSZ02,0.6717388714321499,0.59953965813222,0.7119221201327413,0.7918390259035073,0.4865319476014204,-1.7434321911609927,0.43199267002176356,-2.069202076947061,0.724901140048996,0.8665593879927898,0.6604932016437742,0.7179322919295668
BKSZ08,0.6469706298824075,0.6084243506082292,0.7201166280541182,0.7222389402954053,0.1354986532411387,-25.24989678332088,0.3624871089879562,-9.303392506718769,0.7029996462504551,0.7170683426501346,0.627321316670163,0.4576183315816248
BKSZ06,0.686893037844509,0.725412620830654,0.7351748359917974,0.8082376749797056,0.4315885676888895,-6.92310460653191,0.3323713876769799,-9.301471119200405,0.6637508155767633,0.6677297197363808,0.5932545493210031,0.40606906170226775
BKSZ07,0.6899424644900571,0.7420082194282207,0.7209309614371537,0.7811261297447643,0.43727357675226447,-5.222422606596385,0.4913470362523426,-2.3760986411416796,0.6474412000647702,0.6343568143325278,0.5640428066705614,0.43329448487159616
SGSZ07,0.5939638704331653,0.5051844124321208,0.6855533506262163,0.5316721863912035,0.2558373323073527,-16.30815189760119,0.2369219192102016,-26.806642088666045,0.6402193041159076,0.2570128603439963,0.6398106887022498,0.410055429932937
HGSZ08,0.6463421525755918,0.6137048430497974,0.7831641730537202,0.8480634193077992,0.30853788963580725,-8.427631182811314,0.35876164552600953,-9.378955247345665,0.737657339880118,0.7280327798275621,0.6971307682734924,0.6907335650417542
TSSZ01,0.49589379692147456,0.49357080040849743,0.6601434112427723,0.8311367301036277,0.28067194580706417,-4.008188667222288,0.14484509488015357,-15.038539397403877,0.46880326947118756,0.47813750090436913,0.5617440719246801,0.5591681734747715
JESZ01,0.6572596124947793,0.5700403011202049,0.681701006249477,0.4920039280120325,0.3520538798666227,-6.372473622306147,0.43133749428566237,-2.992948716154429,0.6626358971400929,0.5998809212476484,0.6502068719275658,0.49639438204757724
JWSZ08,0.7661928742814269,0.947456982379316,0.8202590072643471,0.9766075801590839,0.6371472301077628,0.34761779694934114,0.6932283225638011,0.3721603804868121,0.7708579999991919,0.9594300940162446,0.7209727335757365,0.8849320501160127
SGSZ05,0.625611906266114,0.4699241685230242,0.747944270204376,0.6116254766644135,0.28455310240761156,-16.682057202327883,0.2125675970836269,-47.238029148760354,0.721928432155961,0.44185973571874315,0.6860952571819846,0.3736255114627971
JWSZ03,0.6792704673342281,0.758815589123843,0.7118939177356708,0.7097336413730713,0.5825535826549545,-0.6784330529603493,0.5434964370257391,-0.22751606476843178,0.6754384825860436,0.7590798165335697,0.6615396603803638,0.743608163134869
TSSZ02,0.7087767111424061,0.7881323021433319,0.7701995177505192,0.8575585714332403,0.34123054978917533,-7.783757882176772,0.38307035346850976,-4.849942754803845,0.6247592904286361,0.6039904171146491,0.6278381347326311,0.3386284407567912
PLSZ04,0.5395247770995815,0.28885695578452475,0.6307596744130384,0.4745528831691499,0.030861777005753016,-50.85071492533766,0.056953131594993614,-40.565090249089934,0.5581480878298749,-0.3140259294750052,0.5939737850797382,0.443583560005677
SGSZ06,0.6492456598639955,0.540338132266647,0.7170559272776619,0.5874507765948414,0.40777169451322526,-5.095339424746676,0.5368271809409915,-0.46791471270230933,0.6239998431801953,0.5343344108886126,0.5787627792692963,0.39697093963572483
BSSZ03,0.6415451294869919,0.7637676023996075,0.7276996707667281,0.7759907558554534,0.38526644541041966,-7.125779803131749,0.4947446798840924,-1.3711817528173054,0.737216991916241,0.8348289021013238,0.6872466544940552,0.740481357178945
TMSZ03,0.6625832369101726,0.7448811019285958,0.772249483761703,0.9066898760061755,0.6401647577498364,0.3039001233951424,0.6365992979790417,0.22117642875682242,0.7401671964803705,0.8291675225881479,0.7138075492731234,0.8104694641287231
BKSZ03,0.7015021549917106,0.7160046430533636,0.6996392957322225,0.4772021399617359,0.502277145488975,-3.7076230345567778,0.5009619781207852,-1.5222086835112054,0.6785503052750455,0.645235349690715,0.5886549579603968,0.4499391075923672
NVSZ04,0.6028580558896981,0.5175081149761591,0.6710817463354483,0.6266684886109353,0.18524336205835748,-36.93391721477899,0.209941323403669,-23.652230521544794,0.6526720514183285,0.562677197501787,0.6244422121920433,0.5481830656483531
CLSZ02,0.5865857952911059,0.29813200455446665,0.6620267207183516,0.5856442839409047,0.2228968997856496,-13.041903053211982,0.36414985140501127,-7.737436508387624,0.6687374942824891,0.6470388109071153,0.5985498031945429,0.44203617666561035
GLSZ02,0.5942165789643423,0.5336961037828067,0.7392717070809104,0.8457649271666834,0.3835554407055579,-4.158842743753185,0.34943410076904247,-4.6288255300348204,0.7148115705188676,0.7883283460760868,0.6671962301268577,0.7192894079172101
TPSZ07,0.5369445109663366,0.20926359547526563,0.6167420757518103,0.14597448173177197,0.02461116624651017,-26.569343565648634,0.1196373660697948,-7.562718828423275,0.5795848531833544,-0.11145517398596216,0.5856118612950831,0.1628444646758579
BDSZ04,0.7450783283750742,0.9368833293075269,0.806693894490851,0.9631056882170616,0.6068756143527132,0.3885381740603253,0.6425041824915587,0.5674273609352886,0.7941455181047167,0.9567211095397654,0.7801887404399674,0.9581445934117079
TPSZ02,0.6631208089445938,0.7584770234046843,0.6661382167672294,0.40827508391065204,0.1873630332185286,-12.671859511076404,0.45644202171568676,-3.1254891194240333,0.6438975480566146,0.29232976964834345,0.6179452857270137,0.5718987030652498
JESZ05,0.5534634333235771,0.37711405309724055,0.6066684768500122,0.45298210273039374,0.052465372518516296,-45.496696727186574,0.34501754081885494,-7.418302108198555,0.5647953305992133,0.13086459232704895,0.5577867353482058,0.2965936715402949
BTSZ03,0.6686454798989246,0.7280649865175779,0.744374577015533,0.8305462756109147,0.4536982006401821,-1.5794639780456317,0.4118178354375183,-3.939953936277985,0.7392558316030816,0.7935452545785601,0.7044715994965551,0.7132730207444821
GLSZ03,0.6693800284379067,0.7776612293913658,0.7569193929280515,0.8450958209514506,0.43615076538455155,-5.215554248168103,0.4217714124273385,-4.45399554067967,0.7324733145803942,0.8071186105699526,0.7131790401248502,0.7817550421381156
TPSZ11,0.6520708718878119,0.6358344253389636,0.7379792067930641,0.6851161143856908,0.32704177222166175,-7.7826739773206395,0.33621341281744377,-7.878436382476835,0.7371884162254176,0.6823670946758906,0.673940362334861,0.6220109153693334
TPSZ09,0.580030833742888,0.5057392930233064,0.6665727739166205,0.3464736926929468,0.24331758511576185,-28.37231919076891,0.2497344914362174,-7.710652413817352,0.6678686152421283,0.41726895352807025,0.6225630648483104,0.3706894093554073
KLSZ01,0.6332830084415085,0.5963681982349844,0.6985703044982252,0.5392854687460854,0.364659329456923,-8.077126923992296,0.279152531746654,-9.488804957694628,0.6524940071641213,-0.03497865007297274,0.6446228923814111,0.4177414164195973
NVSZ01,0.7089834049451486,0.8406187192042591,0.8034209752548397,0.8898415387452969,0.45692840666588785,-2.5735022701441603,0.5816545717158688,0.036326132352070384,0.7866750103391698,0.9251390681371265,0.7137712793683253,0.832097021388178
TPSZ12,0.5833763236360041,0.3796545059373734,0.6894183005394545,0.5534218920134224,0.2081479178582745,-28.03219299553606,0.26337393370798123,-20.387123419714975,0.6569707639571021,0.357703844695495,0.6463746610921216,0.3441574770929695
JWSZ05,0.6721791194232899,0.5412144360929654,0.7586627607824372,0.8948104486800897,0.16842416164715918,-13.747969358403902,0.2112625446081599,-12.175929580220794,0.6806030180567294,0.7063498544356844,0.6415972880124619,0.6765948859686994
TPSZ05,0.6133998414094,0.3219484587801521,0.6231202975405248,0.22697199361721054,0.09548405963293553,-16.32614705451867,0.28579919161047596,-4.841406031850034,0.5792383828317216,0.2802181930528269,0.5195601281928192,0.18363812760981402
JESZ03,0.6685869778720626,0.7206486910945702,0.7474302642312944,0.8457593249643974,0.305904278334081,-8.971208961638402,0.48540566890789055,-3.4681278969223,0.7349037987480079,0.8588248608655877,0.6191750027900711,0.47027421450208096
TPSZ03,0.5908394664789957,0.5254581014478714,0.6714702524084022,0.5929755573609615,0.11851900152434006,-12.22293519547855,0.3029886442759178,-8.175377980310756,0.6496888328689886,0.6258473063175723,0.5580016081049781,0.36943311107681653
TPSZ10,0.5872516369482633,0.4643281371158843,0.6839965291305838,0.5103120240222313,0.12097709909409328,-49.48226789382349,0.3377912842980532,-6.892244870988681,0.6808699154975439,0.5271660190790219,0.6158076792689238,0.20395946770316908
TPSZ08,0.6379494637394779,0.5744847924918048,0.6651343428770533,0.5149671256778361,0.07560215146512772,-56.50514445266662,0.17764462642678597,-28.620373930030127,0.6596882941956208,0.5001485776130571,0.6280889395433473,0.3909940620585587
JWSZ04,0.6351269420084932,0.7373430920220546,0.7335115444133822,0.9057073356161159,0.4218196673476329,-1.3035551627534843,0.4989436656577264,-0.9793697360822298,0.6811819342092035,0.7964965038516001,0.6326258013169189,0.801427732123771
JESZ04,0.589783307749743,0.39531655530061816,0.6809527476654865,0.6555639954038308,0.13430595692180575,-23.209892591798912,0.4343129616200514,-3.4115589763966474,0.6643972938883559,0.6475153194807407,0.6126757033603422,0.5259526379327699
TPSZ01,0.5951799231239616,0.5213882925032949,0.6943170249605395,0.6461181879813329,0.28032208670430864,-10.706230204801269,0.31040715566666555,-8.316776499382595,0.6658913595291919,0.6009189966258974,0.5989716677532603,0.40696072296539665
HGSZ09,0.5953102412922654,0.5093876657176619,0.6981934090092164,0.6610303867510285,0.1303846010922963,-30.743357621463478,0.21260945829095265,-18.928045715358998,0.6763205261956452,0.6137236851858845,0.6739890784607472,0.6416341275601066
BKSZ04,0.591076357444532,0.5178984107443683,0.6452827749820705,0.561984506791265,0.41469114630612247,-3.4299671407141075,0.3724432798144275,-3.652718448852533,0.6233741213646188,0.530249009450454,0.5454037437963898,0.4065293885610116
BSSZ02,0.6728271682475704,0.6921044876687489,0.7741262188754109,0.8157777171916423,0.5587371583476544,-0.45051310132897604,0.47056108055791634,-4.043839549827992,0.7823082909556685,0.8961986919980424,0.7133668181847086,0.7386737298622301
JWSZ01,0.7279972102990194,0.8065809018781911,0.7752990566017935,0.9516054413679351,0.36878334757453196,-4.692525076349615,0.326554356582532,-5.228283580439791,0.6526191290808303,0.7321297819122299,0.6243131911804514,0.7021804439326781
BPSZ07,0.589895806576627,0.5420723136037765,0.7096434573346707,0.7976125526852057,0.21802388828288197,-21.03122790744809,0.37094737208733813,-7.723604057476786,0.6779825338043071,0.7010363427272411,0.6413073897543051,0.6065904413083905
BKSZ05,0.6605189524046619,0.687678268118507,0.7183329212145769,0.6884321440701499,0.359410621390402,-10.012190528410972,0.4408992617910615,-3.013839610449354,0.717832964439639,0.7170597480421386,0.6761028185268876,0.6347399941201287
CBSZ01,0.0,0.0,0.0,0.0,0.0,0.0,0.0,0.0,0.0,0.0,0.0,0.0
PLSZ02,0.5190445419848866,0.45112204222113905,0.5934575569260402,0.5049686073829794,0.11800851225842197,-16.24436038057666,0.11278784220417067,-11.429006189911963,0.454497373918073,0.15906050768926328,0.47084920306842654,0.2309878397601458
BSSZ01,0.7057332192011898,0.8910581190847389,0.799771711125784,0.9526400551908139,0.4471478844571358,-4.136182477120773,0.5912525651773578,0.46124500501655286,0.7633546097091507,0.9097314119256228,0.7208220750711597,0.8700170872574604
BKSZ02,0.6940318459635666,0.700809786158415,0.6880076667462931,0.5929608738987563,0.4200935936087944,-6.101708220545279,0.45757214911763183,-4.775322387572762,0.6578643880643069,0.6037802736751228,0.6459478149987301,0.5234263899805524
AMSZ04,0.7415186066298997,0.8414287633699393,0.7219249156735649,0.4689205252039449,0.08652209138246009,-29.200718017557616,0.32410786578219347,-9.0998957032198,0.715997271886657,0.7098679067305589,0.6677527583091134,0.5759143648915248
HGSZ06,0.6431779222035682,0.7049278472908297,0.7349477204689578,0.7769150889179794,0.29669680797812137,-12.628066022082884,0.3323911290457213,-14.760079811572288,0.6884758148516171,0.5624331090850143,0.6552651718901663,0.6186492333308903
AMSZ03,0.6941282387516796,0.7928824033855855,0.7615315029884699,0.8596576933424395,0.36000946134035805,-7.274682843904925,0.38247654523764296,-5.359054035902415,0.7297786598767874,0.8173360684680872,0.6706265995979028,0.6991286750276838
AMSZ05,0.720070002145391,0.8002684799061706,0.7052447306135932,0.4886456544661818,0.1632071058542655,-18.69230975183505,0.4203778559040415,-3.5266214230972794,0.6633503145059712,0.5698572639237416,0.6056138167857944,0.4435004612267772
SGSZ04,0.7068180113103084,0.8148296604457776,0.7736515832885592,0.8778743171372602,0.5220650715837717,-0.779200865123115,0.4975858288551619,-1.776312332176936,0.7563496964111904,0.8476881646215886,0.6993781601531078,0.7333598745937868
HGSZ01,0.6874962117755816,0.7939977809344024,0.7551209029905015,0.847517286334699,0.11308565170692067,-23.088016662548043,0.5076064245053971,-2.372194494545276,0.71236968862618,0.7855981260185596,0.6023216078945924,0.5680060526585793
PRSZ07,0.6385302258981018,0.5710146090395318,0.7605238982699738,0.771117531579825,0.2010292620508842,-12.615447580322876,0.2614896300168844,-7.927483652572414,0.6643777101442446,0.5445026243096991,0.6790672420413856,0.5659521687660654
BPSZ06,0.6465372665317317,0.5397163010996111,0.7295118257367161,0.6876564608035725,0.25597587955312845,-36.77849736338859,0.29911050701280273,-15.846626420606825,0.701355291820533,0.48644303822023294,0.6777553953135478,0.44760863295587816
PRSZ05,0.6125221935451421,0.6936222747867262,0.805118200794218,0.9328972860036268,0.6275841190546975,0.28251999746404965,0.44836952527511914,-1.4427678050235904,0.7941249892531249,0.9322770359592116,0.760780182588683,0.9098632828529023
TMSZ01,0.6213206586858341,0.5044116994186575,0.7145445490514851,0.6996475582376486,0.3810093745426098,-2.7173740730761398,0.3562147179694282,-5.423249474599088,0.673023435770572,0.45685932383353955,0.6704970267184415,0.5863656334588023
AMSZ02,0.6683573293732904,0.8940501345083331,0.6773206653947965,0.8651446632090037,0.41567015976962896,-2.0956162005992702,0.4109311365175399,-3.6405987422787334,0.6693521468922272,0.8343699182664065,0.6431606762431654,0.8162531906166616
AMSZ01,0.6927735527235884,0.7028887410993891,0.738595272057367,0.7711735069829603,0.4633019241781017,-3.439668213413717,0.5997319231159213,-0.5724426617373055,0.6108587713851685,0.5624826029682913,0.5260921410356111,0.27654215713986097
AMSZ06,0.6460383320894824,0.6487113595309753,0.7062047168412702,0.7146818079972956,0.5192469071468038,-2.654707343645015,0.40638324117704416,-6.148043609154598,0.6921503282809588,0.7355302846809415,0.6349905661303811,0.5140826146300601
SGSZ02,0.6438104385944583,0.6182599677641539,0.6483755140544215,0.4861314969989602,0.22305423521944157,-29.744091256545918,0.22500923138947948,-19.093559134287787,0.6435428918135764,0.49541695608539593,0.6121059423449172,0.34428190963227745
THSZ01,0.6310984416974654,0.7172931410129996,0.6764554234705887,0.7849291908608799,0.31420192618649795,-8.011415169667561,0.47680061710854493,-1.813217250078342,0.6135055022030144,0.6888679027260434,0.6260471874066161,0.7018159278829145
SGSZ03,0.6733955366398542,0.7072497887831666,0.7376423344295856,0.7826428404611175,0.06589012772558822,-42.235355661623096,0.24409659395604624,-12.528663541707717,0.7229463139295753,0.7542304696252613,0.6746281447659495,0.6135265468629407
PRSZ03,0.6812128624151579,0.7970700606804753,0.7019747148380113,0.5660230299417568,0.5131042355017399,-1.017716026809334,0.5804357698670863,-0.11553379834203104,0.696104515665678,0.664224237225511,0.6375078492239831,0.5807405946326847
BKSZ01,0.6769114550595494,0.673292357900074,0.6380525270171953,0.49309833078381393,0.3034176032400823,-14.23604960011816,0.27402571060252906,-22.96044118649081,0.6111982857941756,0.4620538119596822,0.6302298379673216,0.4726344521478717
PLSZ05,0.6329200286554553,0.652507188867674,0.693972526874929,0.6943127967168756,0.11630608035738046,-31.45714968160874,0.254208481767404,-3.6489540006434247,0.6660953439246577,0.6911041533228961,0.6632190845166464,0.6760164012469894
PLSZ01,0.5954764969621876,0.49181272376979,0.6484943503134035,0.6061371745746182,0.12101269316730358,-28.428580343019725,0.17466145483943155,-13.121658840878013,0.6316210492379847,0.5928617567565908,0.6305387543382603,0.5719372714182254
HGSZ03,0.6723697830337971,0.731639821478435,0.8165440890696768,0.9252128692788232,0.5224987350380368,-1.1224391630687016,0.4293803533344353,-3.7876723364888063,0.7689690465336674,0.9033344525129153,0.6847261765511857,0.7498787783661323
HGSZ10,0.23874568987514377,0.18116590582738357,0.2815980088410786,0.2603647037983665,0.06696106922380546,-9.17694235877821,0.05354434984199596,-10.798766184538474,0.20278475593015616,0.06526316619796779,0.2301939712835531,0.10417945486426139
HGSZ02,0.6191943852720933,0.5644612797155233,0.7285984353553061,0.8184500456499095,0.2950274553059537,-7.453625094596122,0.3907030727942019,-4.813569081170988,0.709979091123653,0.7670508548190768,0.6441187857660883,0.5317150677702924
AMSZ07,0.698252072194167,0.6914583593751142,0.7834358787328145,0.8930805980339332,0.21209606327498676,-18.161021822259826,0.3757669013520114,-5.262883991131127,0.755560367029702,0.8634434687878912,0.7080679241693002,0.7828466182072438
BPSZ05,0.7808535304440832,0.8943991563453368,0.7560690196663137,0.7792397048839756,0.45606688492460085,-5.3585469746148675,0.6010795792272696,-0.603456143380813,0.6657188193603054,0.7217326870640082,0.6422176798317493,0.6144358089414786
CKSZ02,0.6831836539536892,0.6712097213872179,0.704254788351416,0.6897164702032494,0.5299449429363898,-1.5550806229439047,0.5374187493325155,-0.5603275626322519,0.6803646496580847,0.6611785700769599,0.6080306464006998,0.4565535450471905
HGSZ04,0.747766611643886,0.9109220122062942,0.7919125522110397,0.9242133251095382,0.4536818658463599,-5.162903422078394,0.568798493708562,-1.220760453263662,0.7594757256562905,0.8989667617352739,0.6746155394010248,0.6855968592770546
PLSZ03,0.5212345609785639,0.36691413279216945,0.5761174484467654,0.4263407704735235,0.06442676439607312,-23.65832854689357,0.12146867823468652,-9.83456231745392,0.5071674411269591,0.3016930029258449,0.5462965988996085,0.3318217413475941
BPSZ04,0.6784098287578099,0.7413477074023977,0.6630332907737152,0.5567903720143013,0.4767885015588817,-2.3339985602249955,0.31102103177277257,-12.360163768837051,0.6263225136292703,0.4690365282030049,0.5683302380585832,0.3056575565182369
SESZ01,0.0,0.0,0.0,0.0,0.0,0.0,0.0,0.0,0.0,0.0,0.0,0.0
CKSZ04,0.6740249984520307,0.7296784686147995,0.7066483863387748,0.7353373643720383,0.4398662706749207,-4.767957272093169,0.40146817775373517,-7.317244409328051,0.6592965364212577,0.6394518565815435,0.5865088463867998,0.43905837647028223
PRSZ02,0.6385317933008772,0.6517963489069473,0.7909617735352487,0.9335436448826371,0.5694825823292786,-0.22303928951095298,0.44898930855586916,-4.649400595248511,0.7614097453391485,0.8963125266982647,0.727504779539854,0.8555165662108439
AMSZ09,0.6713179439693747,0.7212357177310824,0.7492742285142763,0.8353943803135364,0.5893806139437551,-0.4819181167393969,0.5576865570078289,-0.9518894210798075,0.677939802014484,0.6426693490273956,0.6244979947546317,0.43518900418073825
HGSZ05,0.7025207396369029,0.8711169981304465,0.764759521391541,0.877116515402877,0.5077064952345758,-1.0535977971259576,0.43666850625613784,-3.8790574625449725,0.7595228487312998,0.8795197780778561,0.7067237142522365,0.828116005843843
CKSZ01,0.6626801793731203,0.7871172110082838,0.7097591299991381,0.7942965266402294,0.464109681908049,-3.5074680035326153,0.4155332745556067,-5.430180525555795,0.6674359912891763,0.714933958313317,0.6158000360565907,0.5954275694131931
TSSZ03,0.6875561577213812,0.7721985636593659,0.7579180857679598,0.8971318343795978,0.27473023495190724,-6.533687951393564,0.38940121570665487,-1.6802296238733203,0.6318421893376034,0.6912868974415407,0.6850673521056643,0.7117733463764518
TPSZ06,0.5801006810252793,0.30594084405957656,0.5995856656819432,0.18366658648859668,0.22440476258967118,-3.5111409020440414,0.2627051674920628,-3.8412387503362577,0.5995825580260419,0.267665941077736,0.5507010971562055,0.1898403279669334
TPSZ04,0.6142545823682437,0.462758485317466,0.7360185050653457,0.8322318106074306,0.05943028529835732,-23.74067075789463,0.30244516221843765,-5.679202651055243,0.6308846532185709,0.2426238775471592,0.5468685485030619,0.19149117668935445
JWSZ06,0.6756470269747517,0.6493976989533239,0.7193713200140665,0.823257685899782,0.23303423820941338,-15.14801976734168,0.3753070230184705,-9.46170193012709,0.6924728110746217,0.8112272207667393,0.6729764017328428,0.7979678148258599
JWSZ07,0.5252681984633472,0.4713182980493821,0.7662168964909608,0.9675809436017164,0.1763425917936764,-5.386298680160775,0.2742480736295385,-4.971346915214199,0.6434321537377341,0.7675087011822016,0.6855330120651609,0.8848975225253972
CLSZ01,0.6726318518446436,0.5888262684059957,0.6729522093848744,0.5967233286070961,0.2280326634421853,-27.956795435070212,0.2947060645961856,-10.439815397355817,0.6628449586253917,0.5932863024480723,0.5924660726472043,0.40660404975663555
NVSZ05,0.5823310948962029,0.47287606307217356,0.6774006697008649,0.7368983885572724,0.1854743719451776,-11.809767299708588,0.2625029547844698,-9.416429652421725,0.6381683363884663,0.6460554758589017,0.6052069871283686,0.5710179732333227
BTSZ05,0.6568866358723262,0.792034060085111,0.7251671619340002,0.8286809231004388,0.33422952499006287,-4.292213122382661,0.30413978151370125,-9.56995288945078,0.7050669799309676,0.8147058173514361,0.6857816215325258,0.8055794143288604
BPSZ02,0.6912223027298182,0.7709375933399449,0.6973679685233072,0.7192414462892437,0.13122299400638182,-20.6020421900381,0.40720039985834905,-3.104204068292411,0.6724310457593737,0.6588722365190217,0.5716648184706669,0.4290619464067339
SGSZ01,0.6607738233280481,0.7027220371896675,0.7909333626236715,0.8789867548650541,0.3770244607623935,-5.036425399692592,0.4220774283295426,-2.3577513223374944,0.7627059138769978,0.8302447943753636,0.73611647467366,0.7572270017791182
SESZ05,0.6174870086295122,0.6255917987136721,0.7332042290601627,0.8591149962259897,0.28155307558306164,-15.78487463912769,0.38074529755525144,-6.917405744474651,0.7077061265970371,0.7820488714313987,0.6641864354444518,0.7878050543534244
AMSZ12,0.5329809137041581,0.3311635709339851,0.6094001134724378,0.43520045290147347,0.18917439717032106,-13.957732490413305,0.2776892742281815,-6.16768334127587,0.5732494574351574,0.4075774382712869,0.5855057416234453,0.4055214926981855
AMSZ10,0.6076625646276389,0.5632504527154811,0.6586337023249723,0.5626346440861179,0.2527595214169065,-13.971579450311406,0.24964830237314165,-23.66142017687707,0.6203642171953732,0.28983278810324176,0.5967212723243436,0.2195075400672345
PRSZ06,0.6991986773092561,0.7903296089219383,0.7653861025068147,0.8325136800795857,0.3061109101975521,-5.1909096279890345,0.39212963638876813,-2.806444755974794,0.7330529072968437,0.8377782455392105,0.7254632963456373,0.7911761392950393
AMSZ08,0.6862127032414235,0.6242657845389024,0.7419125293943252,0.741800740310016,0.3108995571991597,-13.305920959890999,0.30208127137512647,-13.429657004785867,0.7202645077082209,0.7095464626713586,0.6994877293387501,0.5911823175927221
HGSZ07,0.7315271364127414,0.8999411076382468,0.8062406878020358,0.9299170563217393,0.5383484667888685,-1.3110240257793055,0.5548221313765375,-0.7293656627174545,0.7652711636795732,0.8991766457893027,0.701834137100823,0.831461018191933
PRSZ08,0.6289172630916162,0.5659462650389602,0.7894676722854179,0.9135788767102778,0.23052411578158175,-9.044494328778862,0.4033033034180522,-2.4770454123443573,0.7383250268665833,0.8241053164294807,0.6666927459960806,0.7110002993683237
CKSZ03,0.7038233797044434,0.8120333246076992,0.6867435981546655,0.6984207027648519,0.4066697361444587,-7.695804989100891,0.4736611130940086,-3.916137863791808,0.6440415421929279,0.5938841081316801,0.582038300161785,0.3931009186412986
CHSZ02,0.629949926239427,0.5556557536711404,0.7067695871979678,0.5443579216869805,0.17877538663025,-4.765406977937501,0.24219816301940905,-3.3001597408638457,0.6687487636306859,0.49107379606801893,0.6524632980747156,0.46182696977215554
BPSZ03,0.7302009680340419,0.8671881060234201,0.7891779693855333,0.9285577952416252,0.508962142908652,-2.585680514137758,0.49776959669440496,-2.770074604883478,0.7216648788334313,0.8271896473252998,0.5895918642209435,0.5760065418549065
BPSZ01,0.6535338902475349,0.6019657792238812,0.7085344598181391,0.7505974431159621,0.40048423116887844,-5.981966611871392,0.5042180022011508,-2.4171165834803694,0.7016839284357212,0.7419091711728276,0.6120869139616119,0.5440906548883866
PGSZ05,0.6177128534661337,0.644951362480733,0.7460256533289483,0.7929347222820448,0.4605070176117014,-1.3629666093885948,0.47783278452248357,-0.7517356453168309,0.7209827441319334,0.7539956198332525,0.6372323535265747,0.6100187837969993
SKSZ03,0.7087418554119692,0.6719764465136071,0.6756888363263163,0.4906637908452116,0.22410415503468037,-25.882434505844877,0.19971610703335127,-32.52918536833002,0.6641650322053184,0.495972041608011,0.6329070634581081,0.38385044779198385
YSSZ06,0.6615221312283769,0.6840403734985541,0.7494901432743609,0.7678519017970935,0.2665306399902706,-20.379968129718378,0.3160486131553841,-13.441886642764953,0.7201215245694513,0.7134341040241943,0.6962391112069186,0.5711195339643664
PGSZ02,0.6737242597016336,0.7988893629262908,0.7313466299898828,0.7349499686632522,0.3056647518383115,-6.774482231384273,0.6815096731488534,0.5523614848671596,0.7195067699763299,0.7622023151781867,0.649949241989691,0.5357072027788115
YSSZ07,0.6726344816652693,0.5995622426187874,0.7323733591891125,0.6222385342846497,0.13219035988927616,-33.202332309260655,0.25214125925066644,-18.210014152375127,0.6876494033367164,0.5756995135124159,0.6910715346667057,0.6171175542990248
YSSZ05,0.6451055008061342,0.6305478805461813,0.7759788153543496,0.9017324560113483,0.3790379913808952,-7.713799798874028,0.4235968760657659,-4.7635693478457934,0.6917985246472041,0.6384889181641757,0.6419678569696783,0.5106745589409076
PGSZ01,0.6075437723609132,0.48196562381829766,0.7526218017022261,0.7988990933098457,0.28713427406102016,-4.116801224348157,0.4971180162857413,-3.074641335056853,0.6768925937024244,0.42707978816333503,0.6479079933578639,0.5304332038656445
MDSZ03,0.6542010212994271,0.842741825922882,0.7013297768225951,0.8525983743771866,0.20198823704409985,-13.679630782497837,0.31200125413962587,-8.871523654382676,0.6176706048917461,0.7527686946103997,0.5590356097038799,0.5436574859542306
YSSZ01,0.6800752676944867,0.79750304425791,0.7299541346205362,0.6977335494170498,0.41187077827154056,-5.2288943952291165,0.44234225030063773,-4.444460444879946,0.6690723389020558,0.6137907606111748,0.6610194953155577,0.5341390853078128
SLSZ03,0.0,0.0,0.0,0.0,0.0,0.0,0.0,0.0,0.0,0.0,0.0,0.0
SKSZ02,0.6148458512538078,0.452595362846936,0.6273473234649332,0.3697904950133818,0.08179343749897823,-55.5128385469731,0.20656712560948995,-21.679395731002817,0.5943681994135521,0.2797382096007801,0.5508589524086943,-0.03685206914983041
WDSZ04,0.6748392949481763,0.6922516717436074,0.7810918947699242,0.8942362812981388,0.5037913844925727,-2.502327275167481,0.5498324140501968,-1.3244227224500076,0.7451105641129084,0.838535866965508,0.6773757914564453,0.7791116367799082
WDSZ05,0.7351260748368,0.8684823740211951,0.7851604268823418,0.9003838174767799,0.47836711223814854,-1.83121803702487,0.5261813695147943,-1.3628938300003246,0.7605795691526527,0.8693570607657308,0.7329723999255248,0.8815925104380755
YSSZ03,0.7160567296064617,0.8928426658397237,0.7507667765480278,0.8935232242271116,0.636738338985463,0.6197597625035804,0.6382430697271818,0.4618754670211449,0.7059249185305495,0.8736856473457788,0.6395306571406467,0.8025702919384485
WCSZ01,0.7255852332786514,0.8615138872872616,0.7679774766259351,0.8911331716823756,0.37607511954367573,-3.7203734658239602,0.5128843936326999,-1.0161023128905908,0.7112775498573956,0.8512826133487656,0.6883107606574406,0.8025375002032922
SLSZ02,0.0,0.0,0.0,0.0,0.0,0.0,0.0,0.0,0.0,0.0,0.0,0.0
YSSZ09,0.6758141028324011,0.8535692239931327,0.7206834402459797,0.8710715103022639,0.538395671143303,-0.5646621006796044,0.5403991187771703,-0.39933096946225066,0.6925403993410013,0.8540785533230246,0.672488072816896,0.8547526310458549
WDSZ01,0.6638866464909176,0.6471509460886293,0.756606998825026,0.8522495446868985,0.3830981826633742,-2.644844217366366,0.5139193308071982,-0.5160359720006515,0.6740733415095432,0.6413069287777446,0.6532950877050195,0.7109970435391197
NESZ01,0.0,0.0,0.0,0.0,0.0,0.0,0.0,0.0,0.0,0.0,0.0,0.0
MDSZ02,0.6317407528949743,0.6564450117349585,0.6919313713071131,0.7731108814003378,0.20162723363410942,-18.53250891375647,0.2215990240978528,-12.051682482156101,0.6387343914147456,0.6322530272510493,0.646550016410022,0.6361032430150177
SMSZ03,0.0,0.0,0.0,0.0,0.0,0.0,0.0,0.0,0.0,0.0,0.0,0.0
YSSZ02,0.5955088756221888,0.5001354816790533,0.7554274471825696,0.8675696607240035,0.4510971405694503,-2.9275566050923176,0.4498828620963914,-3.022226544344008,0.682041132418612,0.7107281025062088,0.6213733582490373,0.660891045640061
WDSZ02,0.7059191377951978,0.7115186472713072,0.7597815018594161,0.8345194801070709,0.22203457752204692,-11.431524058137496,0.41838983218602044,-4.726146859083658,0.7437508965796183,0.860703313659956,0.6741228277390939,0.7855821797804239
WDSZ06,0.6542760030298148,0.746371511196216,0.7214362271717228,0.836020560155372,0.49242100500685687,-1.7331199344882693,0.5271430462904669,-2.1419098633127387,0.6841381395047605,0.7729347542710278,0.6646807993956789,0.7961187889276227
SBSZ02,0.570022193713127,0.47515969213381015,0.6674299257965401,0.75795515735669,0.13523232426181275,-25.36355784018653,0.41388421568031475,-7.31647840572837,0.6625135969497509,0.7809863212802979,0.6118462121699787,0.6453526093038469
SKSZ01,0.6896601218224567,0.7436479218814077,0.7435798439980739,0.8019871790538828,0.17323020446537682,-11.290580320580707,0.3443912153944022,-3.917771684529681,0.6771817193373528,0.6880358123974644,0.6611600277506641,0.6537805801133898
SKSZ05,0.7099572967051354,0.9125553378783708,0.7135433307866343,0.8992153899520251,0.3121877855219751,-3.649432672971038,0.3619503523619882,-5.663587494688486,0.6631750490953289,0.8515401602996143,0.6499173668954158,0.7950116606665092
WDSZ03,0.6985809754174521,0.8814513675567867,0.7588172725543942,0.9501192245359488,0.5673121161672824,0.4937565516827228,0.5656463293089379,0.1539793557726291,0.7274013151942588,0.9097484022427411,0.6894361912265083,0.9047630020399531
SBSZ03,0.6216733754465271,0.6504862344272333,0.7093248135585905,0.8075135132276998,0.38127515669843254,-4.073800641600147,0.5011710903158046,-2.8597371205416606,0.6789247982159751,0.7701798681617642,0.6413231591969828,0.7275366220324881
WDSZ07,0.6315856021812722,0.6784245518253822,0.7088980332526682,0.7858142031436393,0.3064868358748459,-7.087349533375912,0.34759687440839154,-8.608005389592261,0.6661720083092196,0.5445516203873495,0.607293129189123,0.49066273258521564
SBSZ01,0.6315994269556875,0.5952204325079893,0.702456534306929,0.6705112787383467,0.4380712046149759,-6.248156554611105,0.4389737476715694,-3.4235695522799654,0.678681163552367,0.6471269003673157,0.605686776031151,0.6162474214173608
WDSZ08,0.7180057342633508,0.7703247453320151,0.7214471500292656,0.6496487816847477,0.17487674429293865,-24.647998880575134,0.26335921407249585,-9.33288872943665,0.6668317743949065,0.5132886113795803,0.6598971215910848,0.526430191448261
PRSZ04,0.6494862594889789,0.7055854473718717,0.6895022537875242,0.4960117157985161,0.4380232652567682,-3.9415769434076466,0.3884785900427907,-4.714680634326971,0.6351084057440429,0.5305973917362892,0.6558643636722673,0.586324984334285
CKSZ05,0.7768458809378006,0.9439860911651758,0.7958793182391164,0.9363283718656795,0.5681849211551928,-0.09759559222281311,0.5715902866947592,-1.3324563384217138,0.7214505225396531,0.7768042135011299,0.6069348055694613,0.48463849401733705
SESZ02,0.6342456483546376,0.6753874385700458,0.7702772966980864,0.9101609704794205,0.5117362758130407,-1.8207062994921328,0.4466809221601446,-6.433189417855973,0.7215084493119069,0.7402151496871792,0.7294059802451821,0.87162117169925
CHSZ03,0.6795227538416402,0.826742028230635,0.8088770285093905,0.9469897475062874,0.1760313826105277,-17.501946240274044,0.5746969216430798,0.24026906453622365,0.7610970665595265,0.8847016956115817,0.6735643234438572,0.7906720139777446
AMSZ11,0.5240907122498456,0.27789400249334895,0.6190233480563121,0.49410292583518145,0.07144996289103592,-57.0216815950511,0.08652872944121913,-49.104830541679526,0.5845656058478215,0.3349441175294193,0.5986849503846062,0.346096359929857
PGSZ06,0.0,0.0,0.0,0.0,0.0,0.0,0.0,0.0,0.0,0.0,0.0,0.0
CCSZ01,0.6950657987170746,0.9121036698501161,0.7187273867969284,0.9007602379628032,0.23012086443501317,-17.099953690079037,0.43036766883757727,-0.3294139924313306,0.7060046183207779,0.9031556062841026,0.6944093845940846,0.8741587324001339
SLSZ04,0.5749983679427623,0.5086973409941339,0.6829156689601568,0.7534478155138655,0.2349702816257848,-22.902851038315138,0.15130027969104448,-25.6859524714734,0.6416812543413348,0.6599762584028319,0.6419605948237822,0.5590362318907427
SMSZ04,0.0,0.0,0.0,0.0,0.0,0.0,0.0,0.0,0.0,0.0,0.0,0.0
SBSZ05,0.6570312744280972,0.643620757712654,0.7609466989405104,0.860851680601169,0.528556974384228,-0.8384025287999819,0.4855049702950253,-2.656933915736777,0.6783937567921613,0.7484593352495137,0.6519709006047315,0.7388409470327031
LKSZ01,0.6317757710158762,0.6865615515647203,0.6829591167409031,0.7708953797108187,0.22586741922600762,-7.456411770090654,0.44244528656792426,-0.9623003575865177,0.5744533202554231,0.5848081218563655,0.6338214249034287,0.6924882089093414
SMSZ01,0.0,0.0,0.0,0.0,0.0,0.0,0.0,0.0,0.0,0.0,0.0,0.0
SBSZ09,0.6315752308774489,0.4933780746180294,0.7541822384298519,0.8517292911453879,0.3716084614000359,-4.907665818080535,0.22841781086814478,-14.329695125872863,0.6834334997805622,0.6997761811866294,0.692642669314146,0.7662773989075298
SBSZ04,0.6281911729441232,0.494227000058594,0.7409433847426621,0.8354693925678014,0.2111042989899287,-8.518459048516052,0.518493091204801,-0.7596902908776955,0.6621636097911326,0.6417161281550903,0.6392489691696962,0.5910529621096894
SMSZ02,0.0,0.0,0.0,0.0,0.0,0.0,0.0,0.0,0.0,0.0,0.0,0.0
SKSZ04,0.6711320410232571,0.9014694081302578,0.6737949741750137,0.804939991012696,0.23856653924057822,-11.3944201044354,0.38785909106602245,-4.72972915497534,0.6479262217545393,0.8334391566029111,0.630724225950435,0.7909858768901211
SLSZ01,0.5862760724998372,0.540517132435594,0.7191362510189956,0.7893204016994924,0.19378848305524915,-27.41530752217972,0.3030211948707743,-11.62694406526415,0.6701434564426877,0.7180270330998044,0.6903444293354928,0.6691236826532416
YSSZ08,0.5225405768670836,0.28809445351352847,0.6203498665862597,0.6585956278253984,0.2786671469172765,-12.665707709368494,0.3309715256166692,-7.022634887017084,0.5915131734740259,0.5398978740904732,0.5498656955208564,0.4192642896788208
MDSZ01,0.5631795237884446,0.5341669475788648,0.6487659801236968,0.78255640388573,0.12485860861828026,-26.543300665600352,0.15721625061277864,-24.283240299991867,0.5543696501219415,0.5915385805763231,0.5936428867784653,0.6950818124114558
PGSZ07,0.0,0.0,0.0,0.0,0.0,0.0,0.0,0.0,0.0,0.0,0.0,0.0
YSSZ04,0.7119616726432931,0.8003406608811567,0.8150366433891691,0.9592054392198928,0.5215554524742508,-1.647190299177708,0.46693822166434046,-2.6194401736279693,0.7478798317494159,0.8570636531664537,0.6695487328621758,0.7878917731909689
SBSZ07,0.5766661310003537,0.6307661348232017,0.6521968462330288,0.7091067926667021,0.25805917036513887,-11.62128280225295,0.20341773396474114,-22.183846155292795,0.6418648804474377,0.7086244430292226,0.5868707099241709,0.6046421750371497
SBSZ08,0.6705144849994783,0.7070412083766042,0.719326153816486,0.7451234649901134,0.13652813843961872,-23.299228134791356,0.3022156096513225,-6.461017362578406,0.6443268928939941,0.6551877029004134,0.674185446449786,0.6737773790953102
CHSZ01,0.5750322019682401,0.47908005191465075,0.7705488680225385,0.8833437474525752,0.21785316838191102,-4.551703701302845,0.4041858046376001,-0.8311814740011927,0.5928468889458675,0.5106450134797542,0.656379693135079,0.6840680414090785
SESZ03,0.6732443203321098,0.8364059534836801,0.7465606621131291,0.8679924681413405,0.5328629881446558,-2.763587207320309,0.6239756113799957,-0.06380865884955322,0.7644338297452453,0.9097496613168373,0.6995571768788422,0.8223951600760471
SESZ04,0.6896989908103888,0.7896388296339817,0.771103148514599,0.9140589015639599,0.41259262197504476,-5.327381598714068,0.5007325392610137,-3.5887096241956957,0.7439915183529063,0.8747498057380186,0.6961294319559429,0.8114261211663295
SESZ07,0.5721667327218791,0.5017498186151441,0.7233911748863819,0.8640937326047883,0.0962896347865455,-31.19501263681215,0.14698739238837744,-27.387167107690857,0.6648528004167658,0.7944779423220313,0.654009867199849,0.6772325936707118
SESZ06,0.6849209211386712,0.8763649360304846,0.8017700216475296,0.9670430664155383,0.5287789888559471,-0.1083171224247661,0.5922470848522515,-0.003274508177929958,0.7889993054295684,0.9626213366042592,0.7648536293505984,0.9486313989624322
PGSZ04,0.6400992120788611,0.6456234310970301,0.7185216800774499,0.6600813184734177,0.41474454525990045,-2.6247137439245445,0.40518439045386,-3.356572082630957,0.6732456082577851,0.5633728681086483,0.6324497231507563,0.5394659368408192
CKSZ06,0.6851306658659677,0.8867503068144519,0.7389299916848797,0.9353108410546067,0.45789201094022824,-1.4873368685874904,0.47690427405341373,-1.15543506149021,0.6823663552142671,0.8845151677285157,0.6355853090166883,0.8514206814854038
PRSZ01,0.4306107312574135,0.36106264104849684,0.6140678480108951,0.7225383136214041,0.20880987327853615,-10.001976515635697,0.22164186038533318,-8.222647388524662,0.46166006919168684,0.40240855766150285,0.49637383298601706,0.39208783863848984
PGSZ03,0.626581921321966,0.7126566379059585,0.7254358661089104,0.7642801991835628,0.48521459945576484,-2.507706713050181,0.37713852565862627,-6.219210068282744,0.6665051824169914,0.4299580153472742,0.67781969847005,0.6832624604412734
WDSZ09,0.7043157908899683,0.7455812184929349,0.7483667655764125,0.8189111391223398,0.3564370901545482,-9.16115411887406,0.36303794300562914,-8.315730709513359,0.6970016249006888,0.368612598529097,0.6454007663063142,0.6179036628276532
SBSZ06,0.5591641316097723,0.518565952217744,0.7101395446421358,0.7698512205925638,0.2141622135320446,-9.043873294825584,0.4584508282491248,-2.3899341099813043,0.572153735081857,0.442122626242513,0.6191173480761398,0.5291107995170156
